{
  "Addalachchenai": "Addalachchenai",
  "Agalawatta": "Agalawatta",
  "Akkaraipattu": "Akkaraipattu",
  "Akmeemana": "Akmeemana",
  "Akurana": "Akurana",
  "Akuressa": "Akuressa",
  "Alawwa": "Alawwa",
  "Alayadiwembu": "Alayadiwembu",
  "Ambagamuwa": "Ambagamuwa",
  "Ambalangoda": "Ambalangoda",
  "Ambalantota": "Ambalantota",
  "Ambanganga Korale": "Ambanganga Korale",
  "Ambanpola": "Ambanpola",
  "Ampara": "Ampara",
  "Anamaduwa": "Anamaduwa",
  "Angunakolapelessa": "Angunakolapelessa",
  "Anuradhapura": "Anuradhapura",
  "Arachchikattuwa": "Arachchikattuwa",
  "Aranayaka": "Aranayaka",
  "Athuraliya": "Athuraliya",
  "Attanagalla": "Attanagalla",
  "Ayagama": "Ayagama",
  "Badalkumbura": "Badalkumbura",
  "Baddegama": "Baddegama",
  "Badulla": "Badulla",
  "Balangoda": "Balangoda",
  "Balapitiya": "Balapitiya",
  "Bamunakotuwa": "Bamunakotuwa",
  "Bandaragama": "Bandaragama",
  "Bandarawela": "Bandarawela",
  "Batticaloa": "Batticaloa",
  "Beliatta": "Beliatta",
  "Bentota": "Bentota",
  "Beruwala": "Beruwala",
  "Bibile": "Bibile",
  "Bingiriya": "Bingiriya",
  "Biyagama": "Biyagama",
  "Bope-Poddala": "Bope-Poddala",
  "Bulathkohupitiya": "Bulathkohupitiya",
  "Bulathsinhala": "Bulathsinhala",
  "Buttala": "Buttala",
  "Central": "Central",
  "Chilaw": "Chilaw",
  "Colombo": "Colombo",
  "Damana": "Damana",
  "Dambulla": "Dambulla",
  "Dankotuwa": "Dankotuwa",
  "Dehiattakandiya": "Dehiattakandiya",
  "Dehiovita": "Dehiovita",
  "Dehiwala": "Dehiwala",
  "Delft": "Delft",
  "Deltota": "Deltota",
  "Deraniyagala": "Deraniyagala",
  "Devinuwara": "Devinuwara",
  "Dickwella": "Dickwella",
  "Dimbulagala": "Dimbulagala",
  "Divulapitiya": "Divulapitiya",
  "Dodangoda": "Dodangoda",
  "Doluwa": "Doluwa",
  "Dompe": "Dompe",
  "Eastern": "Eastern",
  "Eheliyagoda": "Eheliyagoda",
  "Ehetuwewa": "Ehetuwewa",
  "Elahera": "Elahera",
  "Elapatha": "Elapatha",
  "Ella": "Ella",
  "Elpitiya": "Elpitiya",
  "Embilipitiya": "Embilipitiya",
  "Eravur Pattu": "Eravur Pattu",
  "Eravur Town": "Eravur Town",
  "Galenbindunuwewa": "Galenbindunuwewa",
  "Galewela": "Galewela",
  "Galgamuwa": "Galgamuwa",
  "Galigamuwa": "Galigamuwa",
  "Galle": "Galle",
  "Galle Four Gravets": "Galle Four Gravets",
  "Galnewa": "Galnewa",
  "Gampaha": "Gampaha",
  "Ganewatta": "Ganewatta",
  "Ganga Ihala Korale": "Ganga Ihala Korale",
  "Giribawa": "Giribawa",
  "Godakawela": "Godakawela",
  "Gomarankadawala": "Gomarankadawala",
  "Gonapeenuwala": "Gonapeenuwala",
  "Habaraduwa": "Habaraduwa",
  "Hakmana": "Hakmana",
  "Haldummulla": "Haldummulla",
  "Hali-Ela": "Hali-Ela",
  "Hambantota": "Hambantota",
  "Hanguranketha": "Hanguranketha",
  "Haputale": "Haputale",
  "Harispattuwa": "Harispattuwa",
  "Hatharaliyadda": "Hatharaliyadda",
  "Hikkaduwa": "Hikkaduwa",
  "Hingurakgoda": "Hingurakgoda",
  "Homagama": "Homagama",
  "Horana": "Horana",
  "Horowpothana": "Horowpothana",
  "Ibbagamuwa": "Ibbagamuwa",
  "Imaduwa": "Imaduwa",
  "Imbulpe": "Imbulpe",
  "Ingiriya": "Ingiriya",
  "Ipalogama": "Ipalogama",
  "Irakkamam": "Irakkamam",
  "Island North (Kayts)": "Island North (Kayts)",
  "Island South (Velanai)": "Island South (Velanai)",
  "Ja-Ela": "Ja-Ela",
  "Jaffna": "Jaffna",
  "Kaduwela": "Kaduwela",
  "Kahatagasdigiliya": "Kahatagasdigiliya",
  "Kahawatta": "Kahawatta",
  "Kalawana": "Kalawana",
  "Kalmunai": "Kalmunai",
  "Kalmunai Tamil Division": "Kalmunai Tamil Division",
  "Kalpitiya": "Kalpitiya",
  "Kalutara": "Kalutara",
  "Kamburupitiya": "Kamburupitiya",
  "Kandaketiya": "Kandaketiya",
  "Kandavalai": "Kandavalai",
  "Kandy": "Kandy",
  "Kandy Four Gravets & Gangawata Korale": "Kandy Four Gravets & Gangawata Korale",
  "Kanthale": "Kanthale",
  "Karachchi": "Karachchi",
  "Karainagar": "Karainagar",
  "Karaitheevu": "Karaitheevu",
  "Karandeniya": "Karandeniya",
  "Karuwalagaswewa": "Karuwalagaswewa",
  "Katana": "Katana",
  "Katharagama": "Katharagama",
  "Kattankudy": "Kattankudy",
  "Katuwana": "Katuwana",
  "Kebithigollewa": "Kebithigollewa",
  "Kegalle": "Kegalle",
  "Kekirawa": "Kekirawa",
  "Kelaniya": "Kelaniya",
  "Kesbewa": "Kesbewa",
  "Kilinochchi": "Kilinochchi",
  "Kinniya": "Kinniya",
  "Kiriella": "Kiriella",
  "Kirinda Puhulwella": "Kirinda Puhulwella",
  "Kobeigane": "Kobeigane",
  "Kolonna": "Kolonna",
  "Kolonnawa": "Kolonnawa",
  "Koralai Pattu  West (Oddamavadi)": "Koralai Pattu  West (Oddamavadi)",
  "Koralai Pattu (Valachchenai)": "Koralai Pattu (Valachchenai)",
  "Koralai Pattu Central": "Koralai Pattu Central",
  "Koralai Pattu North (Vaharai)": "Koralai Pattu North (Vaharai)",
  "Koralai Pattu South (Kiran)": "Koralai Pattu South (Kiran)",
  "Kotapola": "Kotapola",
  "Kotavehera": "Kotavehera",
  "Kothmale": "Kothmale",
  "Kuchchaveli": "Kuchchaveli",
  "Kuliyapitiya East": "Kuliyapitiya East",
  "Kuliyapitiya West": "Kuliyapitiya West",
  "Kundasale": "Kundasale",
  "Kurunegala": "Kurunegala",
  "Kuruvita": "Kuruvita",
  "Laggala-Pallegama": "Laggala-Pallegama",
  "Lahugala": "Lahugala",
  "Lankapura": "Lankapura",
  "Lunugala": "Lunugala",
  "Lunugamvehera": "Lunugamvehera",
  "Madampe": "Madampe",
  "Madhu": "Madhu",
  "Madulla": "Madulla",
  "Madurawala": "Madurawala",
  "Mahakumbukkadawala": "Mahakumbukkadawala",
  "Mahaoya": "Mahaoya",
  "Mahara": "Mahara",
  "Maharagama": "Maharagama",
  "Mahawewa": "Mahawewa",
  "Mahawilachchiya": "Mahawilachchiya",
  "Mahiyanganaya": "Mahiyanganaya",
  "Maho": "Maho",
  "Malimbada": "Malimbada",
  "Mallawapitiya": "Mallawapitiya",
  "Manmunai North": "Manmunai North",
  "Manmunai Pattu (Araipattai)": "Manmunai Pattu (Araipattai)",
  "Manmunai South & Eruvil pattu": "Manmunai South & Eruvil pattu",
  "Manmunai South-West": "Manmunai South-West",
  "Manmunai West": "Manmunai West",
  "Mannar": "Mannar",
  "Mannar Town": "Mannar Town",
  "Manthai East": "Manthai East",
  "Manthai West": "Manthai West",
  "Maritimepattu": "Maritimepattu",
  "Maspotha": "Maspotha",
  "Matale": "Matale",
  "Matara": "Matara",
  "Matara Four Gravets": "Matara Four Gravets",
  "Mathugama": "Mathugama",
  "Mawanella": "Mawanella",
  "Mawathagama": "Mawathagama",
  "Medadumbara": "Medadumbara",
  "Medagama": "Medagama",
  "Medawachchiya": "Medawachchiya",
  "Medirigiriya": "Medirigiriya",
  "Meegahakivula": "Meegahakivula",
  "Mihinthale": "Mihinthale",
  "Millaniya": "Millaniya",
  "Minipe": "Minipe",
  "Minuwangoda": "Minuwangoda",
  "Mirigama": "Mirigama",
  "Moneragala": "Moneragala",
  "Moratuwa": "Moratuwa",
  "Morawewa": "Morawewa",
  "Mulatiyana": "Mulatiyana",
  "Mullaitivu": "Mullaitivu",
  "Mundel": "Mundel",
  "Musali": "Musali",
  "Muttur": "Muttur",
  "Nachchaduwa": "Nachchaduwa",
  "Nagoda": "Nagoda",
  "Nallur": "Nallur",
  "Nanattan": "Nanattan",
  "Narammala": "Narammala",
  "Nattandiya": "Nattandiya",
  "Natural Disasters": "Natural Disasters",
  "Naula": "Naula",
  "Navithanveli": "Navithanveli",
  "Nawagattegama": "Nawagattegama",
  "Negombo": "Negombo",
  "Neluwa": "Neluwa",
  "Nikaweratiya": "Nikaweratiya",
  "Ninthavur": "Ninthavur",
  "Nivithigala": "Nivithigala",
  "Niyagama": "Niyagama",
  "Nochchiyagama": "Nochchiyagama",
  "North Central": "North Central",
  "North Western": "North Western",
  "Northern": "Northern",
  "Nuwara Eliya": "Nuwara Eliya",
  "Nuwaragam Palatha Central": "Nuwaragam Palatha Central",
  "Nuwaragam Palatha East": "Nuwaragam Palatha East",
  "Oddusuddan": "Oddusuddan",
  "Okewela": "Okewela",
  "Opanayake": "Opanayake",
  "Pachchilaipalli": "Pachchilaipalli",
  "Padavi Sri Pura": "Padavi Sri Pura",
  "Padaviya": "Padaviya",
  "Padiyathalawa": "Padiyathalawa",
  "Padukka": "Padukka",
  "Palagala": "Palagala",
  "Palindanuwara": "Palindanuwara",
  "Pallama": "Pallama",
  "Pallepola": "Pallepola",
  "Palugaswewa": "Palugaswewa",
  "Panadura": "Panadura",
  "Panduwasnuwara East": "Panduwasnuwara East",
  "Panduwasnuwara West": "Panduwasnuwara West",
  "Pannala": "Pannala",
  "Panvila": "Panvila",
  "Pasbage Korale": "Pasbage Korale",
  "Pasgoda": "Pasgoda",
  "Passara": "Passara",
  "Pathadumbara": "Pathadumbara",
  "Pathahewaheta": "Pathahewaheta",
  "Pelmadulla": "Pelmadulla",
  "Pitabeddara": "Pitabeddara",
  "Place": "Place",
  "Polgahawela": "Polgahawela",
  "Polonnaruwa": "Polonnaruwa",
  "Polpithigama": "Polpithigama",
  "Poonakary": "Poonakary",
  "Porativu Pattu": "Porativu Pattu",
  "Pothuvil": "Pothuvil",
  "Pujapitiya": "Pujapitiya",
  "Puthukkudiyiruppu": "Puthukkudiyiruppu",
  "Puttalam": "Puttalam",
  "Rajanganaya": "Rajanganaya",
  "Rambewa": "Rambewa",
  "Rambukkana": "Rambukkana",
  "Rasnayakapura": "Rasnayakapura",
  "Ratmalana": "Ratmalana",
  "Ratnapura": "Ratnapura",
  "Rattota": "Rattota",
  "Rideegama": "Rideegama",
  "Rideemaliyadda": "Rideemaliyadda",
  "Ruwanwella": "Ruwanwella",
  "Sabaragamuwa": "Sabaragamuwa",
  "Sainthamaruthu": "Sainthamaruthu",
  "Samanthurai": "Samanthurai",
  "Seethawaka": "Seethawaka",
  "Seruvila": "Seruvila",
  "Sevanagala": "Sevanagala",
  "Siyambalanduwa": "Siyambalanduwa",
  "Sooriyawewa": "Sooriyawewa",
  "Soranathota": "Soranathota",
  "Southern": "Southern",
  "Sri Jayawardanapura Kotte": "Sri Jayawardanapura Kotte",
  "Tangalle": "Tangalle",
  "Thalawa": "Thalawa",
  "Thamankaduwa": "Thamankaduwa",
  "Thambalagamuwa": "Thambalagamuwa",
  "Thambuttegama": "Thambuttegama",
  "Thanamalvila": "Thanamalvila",
  "Thawalama": "Thawalama",
  "Thenmaradchi (Chavakachcheri)": "Thenmaradchi (Chavakachcheri)",
  "These Natural Disaster Risk Metrics are still under development and should be used for informational purposes only.": "These Natural Disaster Risk Metrics are still under development and should be used for informational purposes only.",
  "Thihagoda": "Thihagoda",
  "Thimbirigasyaya": "Thimbirigasyaya",
  "Thirappane": "Thirappane",
  "Thirukkovil": "Thirukkovil",
  "Thissamaharama": "Thissamaharama",
  "Thumpane": "Thumpane",
  "Thunukkai": "Thunukkai",
  "Trincomalee": "Trincomalee",
  "Trincomalee Town and Gravets": "Trincomalee Town and Gravets",
  "Udadumbara": "Udadumbara",
  "Udapalatha": "Udapalatha",
  "Udubaddawa": "Udubaddawa",
  "Udunuwara": "Udunuwara",
  "Uhana": "Uhana",
  "Ukuwela": "Ukuwela",
  "Uva": "Uva",
  "Uva Paranagama": "Uva Paranagama",
  "Vadamaradchi East": "Vadamaradchi East",
  "Vadamaradchi North (Point Pedro)": "Vadamaradchi North (Point Pedro)",
  "Vadamaradchi South-West (Karaveddy)": "Vadamaradchi South-West (Karaveddy)",
  "Valikamam East (Kopay)": "Valikamam East (Kopay)",
  "Valikamam North (Tellipallai)": "Valikamam North (Tellipallai)",
  "Valikamam South (Uduvil)": "Valikamam South (Uduvil)",
  "Valikamam South-West (Sandilipay)": "Valikamam South-West (Sandilipay)",
  "Valikamam West (Chankanai)": "Valikamam West (Chankanai)",
  "Vanathawilluwa": "Vanathawilluwa",
  "Vavuniya": "Vavuniya",
  "Vavuniya North": "Vavuniya North",
  "Vavuniya South": "Vavuniya South",
  "Vengalacheddikulam": "Vengalacheddikulam",
  "Verugal (Eachchilampattu)": "Verugal (Eachchilampattu)",
  "Walallavita": "Walallavita",
  "Walapane": "Walapane",
  "Walasmulla": "Walasmulla",
  "Warakapola": "Warakapola",
  "Wariyapola": "Wariyapola",
  "Wattala": "Wattala",
  "Weeraketiya": "Weeraketiya",
  "Weerambugedara": "Weerambugedara",
  "Weligama": "Weligama",
  "Weligepola": "Weligepola",
  "Welikanda": "Welikanda",
  "Welimada": "Welimada",
  "Welioya": "Welioya",
  "Welipitiya": "Welipitiya",
  "Welivitiya-Divithura": "Welivitiya-Divithura",
  "Wellawaya": "Wellawaya",
  "Wennappuwa": "Wennappuwa",
  "Western": "Western",
  "Wilgamuwa": "Wilgamuwa",
  "Yakkalamulla": "Yakkalamulla",
  "Yatawatta": "Yatawatta",
  "Yatinuwara": "Yatinuwara",
  "Yatiyanthota": "Yatiyanthota"
}